AMTemp1(â„ƒ),EacToday(kWh)
23.9,0.0
25.4,0.0
27.1,0.0
28.6,0.0
30.0,0.0
31.2,0.1
31.8,0.2
32.5,0.4
33.2,0.6
33.8,0.9
34.0,1.3
34.6,1.8
35.2,2.3
35.9,3.0
36.6,3.7
37.2,4.6
37.9,5.6
38.7,6.7
39.5,7.9
40.1,9.3
40.7,10.9
41.1,12.6
41.6,14.5
41.7,15.0
42.1,17.1
42.3,19.2
42.4,21.6
42.5,24.1
42.8,26.7
43.4,29.5
43.8,32.5
44.2,35.5
44.5,38.7
44.9,42.1
45.3,45.5
45.9,49.1
46.3,52.8
46.9,56.6
47.4,60.7
47.0,64.6
43.1,68.8
42.5,73.2
42.5,77.6
42.6,82.3
42.7,86.9
43.3,92.1
44.0,97.5
44.8,103.0
45.5,108.5
46.4,114.1
47.0,119.7
47.6,125.4
48.1,131.1
48.6,137.0
49.2,142.9
49.8,148.8
50.6,154.9
51.3,160.9
51.8,167.2
52.3,173.4
52.7,179.6
53.2,185.9
53.7,192.2
54.1,198.5
54.5,204.9
54.9,211.1
55.3,217.7
55.5,230.5
55.7,237.0
56.1,243.6
56.3,250.0
56.5,256.6
56.7,263.1
56.8,269.6
56.9,275.9
57.2,282.4
57.5,288.7
57.8,295.1
57.9,301.3
57.8,307.6
58.0,314.1
58.1,320.3
58.0,326.6
57.8,332.7
57.6,338.9
57.4,345.1
57.6,351.2
57.7,357.2
57.5,363.0
57.6,369.1
57.5,375.0
57.4,380.7
57.3,386.3
56.9,391.9
56.7,397.5
56.6,402.8
56.6,408.2
56.4,413.3
56.1,418.6
55.5,423.7
55.2,428.6
54.9,433.5
54.3,438.3
53.9,443.0
53.5,447.6
53.2,452.0
52.6,456.3
51.9,460.5
51.3,464.7
51.0,468.6
50.4,472.3
49.7,476.1
49.2,479.5
48.7,482.9
48.1,486.3
48.2,489.3
49.0,492.3
49.8,495.2
48.6,497.8
47.9,500.3
48.7,502.6
49.6,505.0
48.7,507.0
47.9,509.0
48.6,510.7
49.2,512.4
49.6,513.8
49.9,515.3
50.0,516.5
47.9,517.5
47.9,518.4
48.4,519.2
48.7,519.9
49.0,520.4
49.2,520.9
49.5,521.3
49.6,521.5
49.8,521.8
49.8,521.9
49.8,522.0
49.7,522.1
49.7,522.1
49.6,522.2
49.6,522.2
49.5,522.2
49.4,522.2
49.3,522.2
23.0,0.0
24.3,0.0
26.0,0.0
27.4,0.0
28.7,0.0
29.9,0.1
30.9,0.3
31.4,0.4
32.0,0.7
32.0,1.0
32.7,1.5
33.3,2.0
34.0,2.6
34.6,3.3
35.2,4.2
35.8,5.2
36.5,6.3
37.3,7.5
38.1,8.8
38.8,10.5
39.3,12.1
39.8,13.9
40.1,14.7
40.6,16.8
41.2,19.1
41.4,21.7
41.7,24.3
42.1,26.9
42.6,29.9
43.1,33.0
43.6,36.3
44.1,39.6
44.6,43.1
45.2,46.8
45.8,50.6
46.6,54.5
47.2,58.5
43.1,62.8
42.4,67.0
42.6,71.4
42.9,76.0
43.3,80.6
43.7,85.5
44.3,90.2
44.9,95.3
45.4,100.4
46.1,105.6
46.8,110.9
47.6,116.2
48.2,121.6
49.0,127.1
49.6,132.9
50.3,138.4
50.9,144.2
51.3,150.1
51.8,155.9
52.3,162.0
52.8,168.0
53.3,174.1
53.9,180.2
54.4,186.5
54.8,192.8
55.1,198.9
55.6,205.2
56.3,211.4
56.6,217.7
56.9,224.2
57.3,230.4
57.5,236.8
57.9,243.4
58.2,249.7
58.4,256.1
58.8,262.7
59.3,269.0
59.5,275.3
59.4,281.4
59.3,287.8
59.6,294.3
59.7,300.3
59.6,306.7
59.7,313.1
59.7,319.2
59.9,325.6
59.8,331.8
59.7,338.2
59.7,344.5
60.0,350.6
60.3,357.0
60.2,363.1
60.2,369.2
60.3,375.2
60.1,381.2
59.9,387.2
59.6,393.0
59.3,398.9
59.0,404.8
58.8,410.3
58.6,415.9
58.5,421.4
58.1,426.9
57.6,432.3
57.2,437.5
56.9,442.5
56.3,447.5
55.7,452.4
55.1,457.2
54.4,461.9
53.9,466.4
53.3,470.9
52.9,475.2
52.5,479.4
52.0,483.4
51.5,487.4
51.1,491.0
50.5,494.6
49.9,498.1
49.3,501.4
48.6,504.5
48.0,507.6
48.4,510.4
49.2,513.1
50.0,515.7
47.9,518.0
48.1,520.2
48.8,522.4
49.5,524.2
49.5,526.1
47.8,527.6
48.2,529.0
48.8,530.3
49.2,531.4
49.6,532.3
49.8,533.1
49.9,533.9
49.9,534.5
49.9,535.0
49.8,535.5
49.7,535.9
49.6,536.1
49.5,536.3
49.4,536.4
49.3,536.5
49.2,536.6
49.1,536.6
49.2,536.6
49.1,536.6
49.1,536.6
49.1,536.6
23.3,0.0
24.7,0.0
26.4,0.0
27.9,0.0
29.3,0.0
30.5,0.1
31.3,0.1
32.0,0.3
32.7,0.5
33.3,0.7
34.0,1.0
34.2,1.4
34.7,1.8
35.3,2.4
36.0,3.2
36.7,4.1
37.5,5.1
38.2,6.2
39.0,7.4
39.8,8.8
40.4,10.4
41.1,12.1
41.4,13.9
41.8,15.9
42.1,18.0
42.3,20.4
42.5,22.8
42.7,25.5
43.2,28.2
43.6,31.2
44.0,34.4
44.5,37.0
44.7,39.4
45.0,42.7
45.5,46.2
46.1,49.9
46.7,53.8
47.3,57.7
44.6,61.9
42.7,66.1
42.6,70.3
43.0,74.9
43.2,79.5
43.6,84.2
44.0,89.0
44.4,93.9
45.0,98.9
45.4,104.2
45.9,109.3
46.5,114.6
47.1,119.9
47.8,125.3
48.6,130.9
49.2,136.5
49.8,142.1
50.5,147.9
51.1,153.6
51.6,159.3
52.0,165.2
52.4,171.0
52.8,176.9
53.1,182.9
53.7,188.9
54.1,194.9
54.6,200.8
54.9,207.0
55.2,213.2
55.4,219.3
55.6,225.5
56.1,231.7
56.1,237.9
56.2,244.3
56.3,250.6
56.4,256.8
56.5,263.1
56.8,269.2
57.0,275.4
57.1,281.5
57.3,287.7
57.6,294.0
57.4,300.1
57.3,306.4
57.5,312.5
57.6,318.7
57.5,324.8
57.3,330.7
57.3,336.6
57.2,342.5
57.2,348.4
57.1,354.2
56.7,360.0
56.8,365.7
56.8,371.2
56.7,376.7
56.5,382.2
56.2,387.6
56.0,392.9
55.6,398.0
55.3,403.1
54.8,408.2
54.3,413.0
53.8,418.0
53.6,422.7
53.4,427.3
52.9,431.8
52.4,436.2
52.0,440.4
51.5,444.6
51.1,448.7
50.6,452.6
50.0,456.6
49.5,460.2
49.0,463.8
48.4,467.2
48.1,470.5
48.4,473.5
49.4,476.7
49.7,479.5
48.0,482.2
48.3,484.9
49.1,487.3
49.9,489.6
48.1,491.7
48.0,493.7
48.6,495.6
49.3,497.1
49.6,498.6
49.8,500.0
49.9,501.1
50.0,502.2
48.1,503.2
47.8,504.1
48.1,504.8
48.6,505.5
49.0,506.1
49.3,506.5
49.5,506.9
49.7,507.3
49.7,507.5
49.7,507.7
49.7,507.8
49.5,507.9
49.5,507.9
49.5,507.9
49.4,507.9
49.2,507.9
49.1,507.9
49.0,507.9
23.1,0.0
24.5,0.0
26.1,0.0
27.6,0.0
28.9,0.0
30.0,0.1
31.1,0.3
31.5,0.5
32.1,0.7
32.5,1.1
32.5,1.5
33.2,2.0
33.8,2.6
34.4,3.4
35.0,4.2
35.6,5.2
36.2,6.3
36.9,7.6
37.7,8.9
38.3,10.5
39.0,12.2
39.7,14.2
40.3,16.2
40.7,18.8
41.0,21.3
41.1,23.8
41.7,26.6
42.2,29.5
42.8,32.6
43.4,35.8
44.0,39.1
44.6,42.6
45.3,46.2
46.0,49.9
46.7,53.8
47.4,57.8
43.7,61.9
42.3,66.1
42.2,70.5
42.5,75.2
42.8,79.8
43.1,84.7
43.5,89.5
44.0,94.5
44.4,99.6
44.7,104.9
45.1,110.1
45.7,115.7
46.0,121.3
46.4,127.0
46.9,132.7
47.7,138.4
48.4,144.3
49.0,150.2
49.5,156.2
50.2,162.5
50.9,168.5
51.3,174.9
51.6,181.1
52.0,187.5
52.6,194.1
53.1,200.4
53.8,206.8
54.3,213.3
54.6,219.7
55.0,226.2
55.4,232.8
55.5,239.2
55.5,245.8
55.8,252.6
55.9,259.2
56.1,265.8
56.5,272.4
56.7,278.8
56.9,285.3
57.1,291.7
57.0,298.3
57.1,304.8
57.1,311.1
56.9,317.7
56.9,324.4
57.1,330.7
57.3,337.1
57.5,343.5
57.2,349.7
57.2,356.2
57.0,362.3
56.8,368.5
56.7,374.5
56.5,380.6
56.3,386.7
56.3,392.8
56.1,398.8
55.9,404.6
55.6,410.5
55.1,416.4
54.8,422.0
54.4,427.8
54.2,433.2
53.8,438.6
53.4,443.8
52.9,449.1
52.5,454.1
52.3,459.3
52.0,464.3
51.8,469.2
51.3,473.9
50.8,478.5
50.1,482.9
49.7,487.4
49.1,491.5
48.9,495.7
48.5,499.6
48.2,503.4
47.6,507.1
47.1,510.6
47.2,514.0
48.0,517.3
49.0,520.4
49.8,523.3
48.1,526.3
47.7,529.0
48.2,531.5
48.9,533.8
49.4,536.2
49.6,538.1
49.8,540.0
49.9,541.6
50.0,543.1
49.9,544.5
49.6,545.8
49.3,546.8
49.0,547.7
48.7,548.5
48.3,549.1
47.8,549.7
47.6,550.1
47.6,550.5
47.4,550.8
47.3,551.0
47.3,551.2
47.1,551.3
47.0,551.4
46.8,551.4
46.6,551.4
46.4,551.4
46.2,551.4
46.0,551.4
45.8,551.4
19.5,0.0
21.3,0.0
22.8,0.0
24.1,0.0
25.4,0.1
26.4,0.1
27.3,0.3
28.0,0.5
28.7,0.8
29.4,1.1
30.0,1.6
30.2,2.1
30.9,2.8
31.3,3.7
31.8,4.6
32.4,5.7
33.1,6.9
33.8,8.3
34.5,9.9
35.2,11.7
35.8,13.6
36.3,15.8
36.8,18.1
37.2,20.7
37.5,22.2
38.1,25.1
38.9,28.1
39.6,31.3
40.4,34.7
41.1,38.1
41.6,41.8
42.1,45.6
42.8,49.6
40.0,53.7
38.0,57.9
37.7,62.4
37.8,66.9
38.2,71.6
38.8,76.4
39.4,81.5
40.0,86.4
40.4,91.8
41.1,97.1
41.5,102.6
42.2,108.3
42.8,114.0
43.2,119.7
43.9,125.6
44.6,131.6
45.2,137.6
45.7,143.6
46.4,149.9
47.2,156.1
47.8,162.4
48.5,168.8
49.2,175.3
49.8,181.8
50.2,188.2
50.7,195.0
51.1,201.6
51.5,208.5
52.0,215.3
52.5,222.2
52.9,229.1
53.3,235.7
53.8,242.7
54.2,249.5
54.6,256.4
54.8,263.3
55.1,270.1
55.5,277.0
55.8,284.0
56.0,290.7
56.1,297.7
56.2,304.5
56.3,311.3
56.4,318.2
56.6,325.1
56.9,331.8
57.1,338.7
57.0,345.6
57.1,352.4
57.3,359.3
57.5,366.2
57.8,372.8
57.9,379.6
57.7,386.2
57.7,392.9
57.8,399.6
57.8,406.1
57.9,412.4
57.9,418.9
57.7,425.2
57.5,431.5
57.4,437.5
57.1,443.7
57.2,449.7
56.9,455.5
56.4,461.3
56.0,467.2
55.9,472.7
55.6,478.4
55.1,483.8
54.9,489.1
54.5,494.2
53.9,499.4
53.5,504.3
53.0,509.3
52.7,514.0
52.4,518.7
52.2,523.1
51.8,527.5
51.2,531.7
50.8,536.0
50.3,539.9
49.8,543.7
49.2,547.5
48.6,551.1
48.1,554.5
48.1,557.9
48.9,561.1
49.6,564.1
49.1,567.1
47.8,569.8
48.2,572.4
48.9,574.8
49.3,577.1
49.7,579.1
49.9,581.1
50.0,582.8
49.9,584.3
49.8,585.6
49.7,586.9
49.6,587.9
49.3,588.8
49.1,589.5
48.8,590.2
48.4,590.7
48.3,591.1
48.4,591.4
48.3,591.6
48.3,591.7
48.2,591.8
48.1,591.9
47.9,591.9
47.8,591.9
47.6,591.9
47.5,591.9
47.3,591.9
47.1,591.9
18.7,0.0
20.4,0.0
22.1,0.0
23.5,0.0
24.8,0.0
26.0,0.1
27.0,0.3
27.9,0.4
28.8,0.7
29.6,1.0
30.0,1.5
30.6,2.0
31.2,2.7
31.8,3.4
32.5,4.3
33.2,5.3
33.9,6.4
34.7,7.7
35.6,9.1
36.3,10.8
37.0,12.6
37.6,14.6
38.2,16.7
38.6,19.0
38.8,20.3
39.4,22.9
39.8,25.7
40.6,28.5
41.2,31.7
41.8,34.9
42.4,38.3
43.1,41.8
43.7,45.5
44.4,49.2
45.1,53.2
45.9,57.2
42.5,61.3
41.2,65.6
41.4,70.0
41.8,74.6
42.4,79.2
42.9,84.1
43.5,88.9
44.1,93.9
44.8,99.1
45.4,104.3
46.1,109.6
46.9,115.2
47.6,120.7
48.4,126.3
49.2,132.0
49.8,137.6
50.6,143.5
51.3,149.4
51.9,155.2
52.5,161.1
53.2,167.1
53.7,173.3
54.3,179.3
54.9,185.5
55.4,191.5
55.9,197.7
56.3,203.7
56.6,209.9
56.9,216.0
57.3,222.3
57.4,228.5
57.4,235.0
57.7,241.5
58.1,247.9
58.6,254.3
58.7,260.7
58.6,267.2
58.7,273.7
58.9,280.1
58.8,286.8
59.0,293.6
59.3,299.9
59.5,306.5
59.2,313.2
59.3,319.6
59.5,326.1
59.6,332.6
59.5,339.1
59.5,345.7
59.4,352.1
59.4,358.5
59.2,364.8
59.0,371.0
59.2,377.2
59.4,383.2
59.4,389.2
59.0,395.3
58.8,401.1
58.4,406.9
58.1,412.7
58.2,418.4
57.9,424.0
57.9,429.7
57.5,435.1
56.9,440.5
56.6,445.7
56.2,451.0
55.7,456.1
55.2,461.1
54.8,466.1
54.2,470.8
53.9,475.7
53.6,480.2
53.1,484.5
52.6,488.9
52.3,493.1
51.8,497.2
51.2,501.2
50.9,505.1
50.2,508.7
49.6,512.3
49.1,515.8
48.4,519.1
48.0,522.2
48.4,525.2
49.3,528.1
49.8,530.8
48.0,533.3
48.2,535.7
49.1,537.9
49.8,539.9
48.4,541.8
47.9,543.5
48.5,545.0
49.0,546.4
49.3,547.6
49.6,548.7
49.9,549.6
49.9,550.3
50.0,551.0
50.0,551.6
49.9,552.0
49.9,552.4
49.8,552.6
49.6,552.8
49.5,553.0
49.3,553.0
49.1,553.1
48.9,553.1
48.7,553.2
48.5,553.2
48.2,553.2
48.0,553.2
47.8,553.2
20.8,0.0
22.2,0.0
23.8,0.0
25.3,0.0
26.6,0.1
27.8,0.2
28.9,0.3
29.8,0.5
30.8,0.7
31.3,1.1
31.5,1.5
32.1,2.1
32.8,2.7
33.5,3.5
34.2,4.4
34.9,5.4
35.8,6.5
36.6,7.8
37.4,9.2
38.3,10.8
39.0,12.4
39.7,14.3
40.3,16.3
40.9,18.5
41.2,19.9
41.4,22.4
41.8,24.9
42.2,27.7
42.7,30.6
43.3,33.6
43.8,36.9
44.5,40.4
45.1,44.0
45.9,47.7
46.6,51.6
47.3,55.6
44.1,59.6
42.5,64.0
42.6,68.3
43.1,72.7
43.6,77.3
44.1,82.1
44.7,86.8
45.3,91.7
45.9,96.5
46.6,101.5
47.4,106.6
48.2,111.9
49.0,117.1
49.7,122.4
50.4,127.8
51.0,133.2
51.5,138.6
52.2,144.3
52.8,149.9
53.4,155.7
54.0,161.3
54.5,167.2
55.0,173.0
55.6,178.8
56.2,184.8
56.6,190.7
57.1,196.7
57.6,203.1
58.2,209.1
58.7,215.2
59.1,221.5
59.5,227.8
59.8,234.1
60.2,240.2
60.3,246.6
60.7,252.9
61.0,259.1
61.3,265.4
61.5,271.6
61.8,278.1
62.0,284.3
61.9,290.4
62.0,296.7
62.2,303.0
62.4,309.3
62.5,315.5
62.4,321.8
62.4,327.9
62.5,334.1
62.4,340.1
62.3,346.1
62.3,352.2
62.4,358.2
62.3,364.2
62.1,369.8
61.8,375.7
61.6,381.4
61.5,387.2
61.4,392.5
61.2,398.1
61.1,403.4
61.0,408.6
60.7,413.8
60.2,419.1
59.8,424.0
59.3,428.9
58.6,433.7
58.2,438.6
57.6,443.3
57.3,447.9
57.0,452.4
56.5,456.8
56.2,461.0
55.7,465.1
55.2,469.1
54.7,473.0
54.2,476.7
53.5,480.5
53.1,483.9
52.9,487.5
52.5,490.6
52.0,493.8
51.5,496.9
51.0,499.7
50.2,502.5
49.4,505.2
48.7,507.6
48.3,509.9
48.0,512.0
48.5,514.0
49.3,516.1
50.0,517.8
48.2,519.3
48.2,520.8
49.0,522.1
49.7,523.2
48.7,524.2
48.0,525.2
48.6,526.0
49.2,526.6
49.8,527.1
48.0,527.6
47.8,527.9
48.4,528.2
48.9,528.4
49.2,528.5
49.5,528.6
49.7,528.7
49.8,528.7
49.9,528.7
49.9,528.7
49.9,528.7
49.9,528.7
49.9,528.7
29.5,0.0
60.5,328.3
30.8,0.1
31.5,0.2
32.3,0.4
33.0,0.6
33.6,0.9
33.8,1.3
34.5,1.8
35.1,2.3
35.8,3.0
36.5,3.8
37.2,4.7
37.9,5.7
38.8,6.8
39.6,8.1
40.2,9.4
40.8,11.1
41.1,12.8
41.5,14.8
41.7,16.1
42.2,18.4
42.5,20.9
42.8,23.3
43.0,26.0
43.5,28.8
44.0,31.7
44.6,34.8
45.1,37.9
45.8,41.3
46.3,44.7
47.0,48.2
47.6,51.9
48.4,55.6
49.2,59.5
48.5,63.6
44.7,67.8
44.1,72.1
44.4,76.6
44.8,81.3
45.3,85.9
45.9,90.7
46.5,95.7
47.3,100.7
48.0,105.8
48.7,110.7
49.3,116.0
50.0,121.3
50.8,126.5
51.3,132.0
51.8,137.3
52.4,142.8
52.9,148.3
53.4,153.9
53.9,159.3
54.4,165.1
55.0,170.9
55.5,176.6
56.0,182.6
56.5,188.3
57.1,194.2
57.6,200.1
58.0,206.0
58.3,211.9
58.7,217.8
59.0,223.7
59.3,229.8
59.7,235.8
59.9,241.6
60.2,247.7
60.6,253.8
60.8,259.8
61.1,266.0
61.2,272.1
61.1,277.9
61.1,283.7
61.1,289.3
61.1,294.9
61.1,300.4
61.0,306.0
60.5,334.2
60.6,336.5
60.7,341.9
60.7,347.5
60.8,353.0
60.9,358.4
58.4,416.0
55.3,457.3
54.4,466.2
54.0,469.3
49.0,508.8
53.1,475.3
52.5,478.3
52.0,481.1
51.5,483.8
51.1,486.4
50.5,488.8
49.8,491.1
49.2,493.2
48.9,495.3
48.6,497.1
48.4,498.7
48.0,500.2
48.4,501.5
49.3,502.7
49.8,503.8
48.1,504.7
48.4,505.6
49.3,506.3
50.0,506.9
23.9,0.0
25.4,0.0
27.0,0.0
28.6,0.0
30.0,0.0
31.2,0.1
31.8,0.3
32.5,0.4
33.2,0.7
33.8,1.0
34.1,1.3
34.6,1.8
35.3,2.3
35.9,2.9
36.6,3.7
37.3,4.5
38.1,5.5
39.0,6.5
39.8,7.7
40.6,9.0
41.2,10.5
41.7,12.1
42.3,13.9
42.5,14.7
43.0,16.8
43.5,19.0
44.0,21.4
44.3,24.0
44.7,26.6
45.1,29.4
45.6,32.4
46.2,35.4
46.8,38.7
47.5,42.1
48.1,45.4
48.7,49.0
49.3,52.8
50.0,56.5
45.8,60.4
44.5,64.6
44.6,68.7
44.9,73.1
45.3,77.5
45.8,82.1
46.3,86.6
46.9,91.4
47.6,96.2
48.2,101.2
48.8,106.2
49.6,111.4
50.3,116.5
51.1,121.9
51.6,127.1
52.2,132.6
52.8,138.0
53.5,143.5
54.1,149.0
54.7,154.8
55.4,160.4
56.0,166.1
56.6,172.0
57.0,177.6
57.4,183.5
57.9,189.4
58.3,195.3
58.6,201.2
58.8,207.0
59.2,213.2
59.7,219.0
60.2,225.0
60.5,230.9
60.9,237.1
61.1,243.2
61.4,249.1
61.7,255.1
61.9,261.0
62.1,267.1
62.3,273.3
62.4,279.2
62.6,285.4
62.9,291.4
63.0,297.6
63.1,303.7
63.2,309.5
63.2,315.3
63.1,321.1
63.0,326.9
63.0,332.5
62.9,338.2
62.9,343.9
62.9,349.4
62.8,355.0
62.6,360.4
62.5,365.9
62.3,371.1
62.1,376.4
61.8,381.5
61.6,386.7
61.3,391.6
61.0,396.6
60.9,401.4
60.4,406.1
60.1,410.6
59.8,415.3
59.4,419.7
59.0,423.9
58.6,428.2
58.2,432.3
57.8,436.4
57.3,440.2
56.8,443.9
56.2,447.6
55.6,451.1
55.2,454.7
54.8,458.0
54.3,461.2
53.9,464.3
53.5,467.2
53.0,469.9
52.5,472.5
52.0,475.0
51.6,477.3
51.1,479.5
50.5,481.6
50.1,483.5
49.6,485.4
49.2,487.1
49.0,488.6
48.7,490.0
48.5,491.3
48.3,492.4
48.1,493.5
48.1,494.4
48.8,495.3
49.8,496.0
48.4,496.6
48.2,497.1
49.0,497.5
49.9,497.9
48.1,498.1
48.3,498.3
49.1,498.5
49.9,498.6
48.1,498.6
48.0,498.7
48.7,498.7
49.3,498.7
49.8,498.7
48.9,498.7
47.8,498.7
53.1,444.1
26.6,0.0
28.3,0.0
29.9,0.0
31.3,0.0
31.9,0.1
32.7,0.2
33.5,0.4
34.1,0.6
34.8,0.9
34.9,1.3
35.4,1.8
36.0,2.3
36.6,3.0
37.3,3.7
38.0,4.6
38.7,5.5
39.5,6.6
40.2,7.9
40.8,9.2
41.3,10.7
41.7,12.4
42.1,14.2
42.5,16.1
43.0,18.4
43.5,20.8
43.8,23.1
44.2,25.6
44.6,28.3
45.2,31.3
45.9,34.3
46.6,37.6
47.3,41.1
48.1,44.5
48.8,48.2
49.5,52.0
48.0,55.9
45.2,59.8
45.1,64.1
45.5,68.4
46.0,72.7
46.7,77.1
47.3,81.8
48.0,86.4
48.7,91.3
49.2,95.8
49.8,100.7
50.7,105.8
51.4,110.9
52.2,116.2
52.8,121.4
53.5,126.8
54.0,132.4
54.8,137.8
55.6,143.4
56.3,149.0
56.7,154.8
57.1,160.7
57.6,166.5
58.2,172.5
58.6,178.3
59.2,184.5
59.8,190.5
60.5,196.7
61.1,202.9
61.2,208.9
61.1,214.3
61.0,220.3
61.0,225.6
59.9,229.3
59.2,234.6
59.3,239.1
58.7,244.2
59.3,250.4
60.5,257.0
60.6,260.6
59.4,266.0
59.7,271.4
60.0,277.4
60.7,283.8
61.3,290.1
61.9,296.4
62.2,302.4
62.4,308.4
62.6,314.4
62.8,320.3
63.1,326.0
63.1,331.7
63.0,337.5
63.0,343.0
62.8,348.8
62.7,354.3
62.3,358.5
61.5,362.9
61.7,369.0
62.2,374.2
62.1,379.0
61.5,382.9
60.1,386.3
59.6,391.3
59.7,396.4
59.4,400.4
59.0,404.8
58.2,407.0
57.6,411.5
57.9,416.4
57.9,420.9
58.0,425.3
57.8,429.3
57.8,433.6
57.9,438.2
58.0,442.1
57.3,445.0
57.0,449.4
56.6,452.3
56.1,455.7
55.7,459.1
55.1,462.4
54.5,465.4
54.0,468.5
53.5,470.9
52.7,472.2
52.0,474.1
51.8,476.8
51.6,479.1
51.1,481.2
50.5,483.0
49.8,484.8
49.3,486.3
49.2,487.6
48.8,488.7
48.5,489.7
48.3,490.6
48.0,491.4
48.5,492.1
49.4,492.7
49.6,493.1
48.0,493.5
48.5,493.9
49.4,494.1
49.5,494.3
48.0,494.4
48.6,494.5
49.5,494.6
49.2,494.6
48.0,494.6
48.7,494.6
49.5,494.6
47.9,494.6
25.9,0.0
27.6,0.0
29.3,0.0
31.0,0.0
31.9,0.0
32.8,0.1
33.6,0.2
34.4,0.4
35.1,0.6
35.7,0.9
36.0,1.3
36.6,1.7
37.3,2.3
38.0,2.9
38.7,3.6
39.4,4.4
40.1,5.3
40.9,6.4
41.4,7.5
41.8,8.8
42.2,10.2
42.6,11.8
42.9,13.5
43.2,15.4
43.6,17.5
43.7,17.9
44.1,20.2
44.4,22.7
44.6,25.2
45.1,27.8
45.6,30.8
46.1,33.7
46.8,36.8
47.4,40.0
48.1,43.5
48.8,47.0
49.4,50.7
49.1,54.4
45.4,58.1
44.8,62.2
45.0,66.3
45.5,70.4
46.0,74.7
46.6,79.1
47.3,83.6
47.9,88.2
48.7,92.8
49.4,97.5
50.1,102.3
50.9,107.2
51.4,112.2
51.9,117.3
52.5,122.5
53.2,127.7
53.8,133.1
54.4,138.4
55.0,143.7
55.7,149.1
56.2,154.6
56.9,160.1
57.4,165.6
57.9,171.2
58.5,176.7
59.0,182.4
59.5,188.0
59.8,193.6
60.1,199.3
60.5,205.0
60.9,210.6
61.1,216.4
61.2,222.2
61.5,227.9
61.7,233.7
61.9,239.5
62.1,245.3
62.4,251.0
62.5,256.7
62.7,262.4
62.8,268.1
62.8,273.8
62.9,279.4
63.0,285.1
63.0,290.7
63.1,296.3
63.2,301.7
63.2,307.2
63.2,312.6
63.1,318.1
62.9,323.4
62.9,328.4
62.7,333.7
62.6,338.6
62.4,343.8
62.2,348.7
62.0,353.7
61.9,358.3
61.5,362.8
61.3,367.4
52.9,446.1
52.5,448.6
52.1,450.9
51.7,453.1
51.3,455.2
51.0,457.1
50.5,458.9
50.1,460.6
49.8,462.1
49.7,463.5
49.3,464.8
49.1,465.8
48.9,466.8
48.6,467.7
48.4,468.5
48.4,469.2
48.1,469.8
48.1,469.9
48.2,470.4
49.0,470.8
50.0,471.1
48.3,471.4
48.2,471.6
49.0,471.7
49.8,471.8
48.3,471.9
48.2,471.9
49.0,471.9
49.8,471.9
49.2,471.9
47.9,471.9
48.5,471.9
49.3,471.9
26.4,0.0
27.9,0.0
29.6,0.0
31.2,0.0
32.0,0.0
32.9,0.1
33.8,0.2
34.5,0.3
35.0,0.5
35.7,0.7
36.4,1.0
36.6,1.5
37.3,1.9
38.0,2.5
38.8,3.2
39.5,4.0
40.3,4.8
41.1,5.8
41.6,6.9
42.2,8.1
42.8,9.3
43.3,10.9
43.8,12.5
44.3,14.2
44.7,15.8
45.0,17.8
45.2,19.9
45.3,22.4
45.6,24.9
45.9,27.5
46.5,30.3
47.2,33.1
47.9,36.2
48.6,39.2
49.3,42.6
49.9,45.9
46.1,49.4
44.7,53.2
44.9,56.9
45.3,60.8
45.8,64.8
46.3,68.9
46.7,73.2
47.3,77.5
47.9,82.1
48.4,86.6
49.1,91.2
49.8,95.9
50.6,100.5
51.2,105.4
51.7,110.2
52.3,115.4
52.4,116.7
53.2,123.1
53.8,127.2
54.4,132.5
54.8,137.7
55.3,143.1
55.9,148.5
56.3,154.0
56.7,159.4
57.1,165.0
57.4,170.6
57.9,176.4
58.4,182.1
58.8,187.7
59.0,193.5
59.3,199.3
59.8,205.0
60.1,211.0
60.6,216.8
61.0,222.6
61.2,228.4
61.2,234.3
61.5,240.2
61.6,246.1
61.9,252.0
62.2,257.9
62.1,263.9
61.8,269.7
62.1,275.6
62.4,281.3
62.3,287.2
62.2,293.0
62.2,298.7
62.3,304.4
62.3,309.9
62.4,315.6
62.4,323.2
62.5,328.5
62.4,334.0
62.1,339.2
61.9,344.7
61.7,349.9
61.6,355.1
61.4,360.2
61.3,365.3
61.1,370.3
61.0,375.2
60.5,379.9
60.1,384.8
60.2,389.3
59.9,393.7
59.6,398.2
59.0,402.4
58.4,406.6
58.0,410.7
57.8,414.9
57.3,418.8
56.9,422.6
56.3,426.5
56.0,430.0
55.6,433.6
55.2,437.2
54.7,440.6
54.4,443.9
54.0,447.2
53.8,450.2
53.4,453.0
53.0,456.0
52.4,458.6
51.9,461.1
51.5,463.5
51.1,465.8
50.6,468.0
50.1,470.0
49.5,471.8
49.2,473.6
49.0,475.2
48.7,476.6
48.3,477.9
48.1,479.0
48.1,480.0
49.0,480.9
50.0,481.7
48.2,482.4
48.3,483.0
49.3,483.5
49.5,483.9
48.0,484.2
48.6,484.5
49.4,484.8
49.5,484.9
47.9,485.1
48.6,485.1
49.4,485.2
50.0,485.2
47.9,485.2
48.3,485.2
49.0,485.2
49.6,485.2
26.8,0.0
28.4,0.0
30.3,0.0
31.5,0.0
32.6,0.0
33.5,0.1
34.3,0.2
35.1,0.4
35.7,0.6
36.4,0.9
36.7,1.3
37.3,1.8
38.0,2.3
38.7,3.0
39.4,3.8
39.8,4.3
40.5,5.3
41.2,6.4
41.6,7.7
42.0,9.0
42.4,10.6
42.8,12.3
43.1,14.2
43.5,16.4
43.7,18.3
44.0,20.8
44.1,23.3
44.5,26.0
45.0,28.8
45.6,31.9
46.3,35.1
47.0,38.4
47.6,42.0
48.2,45.5
48.8,49.2
49.4,53.1
50.1,57.0
45.5,61.3
44.6,65.5
44.7,69.9
45.2,74.5
45.7,79.2
46.1,84.0
46.6,88.8
47.3,94.0
47.8,99.1
48.3,104.4
48.9,109.7
49.6,115.2
50.4,120.6
51.1,126.3
51.6,132.0
52.1,137.7
52.8,143.6
53.5,149.4
54.1,155.5
54.6,161.6
55.2,167.8
55.8,174.0
56.4,180.2
57.0,186.5
57.8,192.8
58.7,199.1
59.2,205.3
59.8,211.6
60.2,218.0
60.8,224.5
61.1,230.9
61.6,237.4
61.9,244.0
62.1,250.5
62.3,257.1
62.5,263.5
62.6,270.0
62.7,276.4
63.0,283.0
63.1,289.4
62.9,296.0
62.8,302.4
63.1,308.8
63.2,315.2
63.1,321.6
63.4,328.0
63.3,334.4
63.3,340.5
63.5,346.8
63.6,352.9
63.4,359.1
63.2,365.4
63.2,371.3
63.0,377.3
63.0,383.1
62.7,389.1
62.5,394.9
62.6,400.6
62.3,406.2
62.0,411.9
61.7,417.4
61.2,422.8
61.0,428.3
60.9,433.6
60.5,438.7
60.1,443.8
59.7,449.0
59.1,453.8
58.7,458.8
58.5,463.4
58.1,468.0
57.7,472.4
57.2,476.7
56.8,480.9
56.7,484.9
56.4,488.8
56.0,492.5
55.3,496.3
54.5,499.7
54.1,503.1
53.8,506.5
53.3,509.6
52.6,512.7
52.2,515.6
51.9,518.3
51.5,520.8
51.1,523.2
50.7,525.6
49.5,529.7
49.2,531.5
49.0,533.2
48.6,534.7
48.4,536.2
48.2,537.4
48.1,538.5
48.9,539.4
49.8,540.2
48.4,540.9
48.1,541.5
49.0,542.0
49.9,542.5
48.0,542.9
48.2,543.2
49.0,543.5
49.7,543.7
48.7,543.9
48.0,544.0
48.7,544.0
49.4,544.1
50.0,544.1
47.9,544.1
48.3,544.1
49.0,544.1
25.7,0.0
27.2,0.0
28.9,0.0
30.5,0.0
31.5,0.0
32.4,0.1
33.2,0.2
33.9,0.4
34.5,0.7
35.1,1.0
35.3,1.4
36.0,1.8
36.7,2.4
37.3,3.0
38.0,3.8
38.7,4.7
39.5,5.7
40.3,6.8
41.0,8.0
41.3,9.4
41.8,10.9
42.2,12.6
42.5,14.4
42.9,16.5
43.1,17.9
43.5,20.3
43.9,22.8
44.3,25.3
44.8,28.1
45.4,31.2
45.9,34.2
46.6,37.4
47.2,40.9
47.9,44.3
48.6,48.0
49.2,51.8
49.9,55.7
46.2,59.6
44.6,63.7
44.7,67.9
45.2,72.3
45.6,76.7
46.0,81.3
46.6,85.8
47.3,90.6
47.8,95.5
48.5,100.4
49.2,105.4
50.0,110.4
50.7,115.8
51.3,120.9
51.9,126.3
52.5,131.9
53.1,137.3
53.7,143.1
54.2,148.7
54.8,154.6
55.4,160.3
56.1,166.3
56.7,172.1
57.1,178.1
57.3,184.2
57.7,190.2
58.3,196.5
59.0,202.7
59.3,208.9
59.3,215.1
59.6,221.4
59.9,227.7
60.2,234.2
60.5,240.5
60.7,246.7
61.1,253.1
61.3,259.6
61.5,266.0
61.5,272.3
61.4,278.8
61.5,285.3
61.6,291.6
61.7,298.0
62.0,304.5
62.3,310.6
62.1,317.1
62.4,323.4
62.5,329.6
62.7,335.8
62.7,342.0
62.4,348.1
62.7,354.3
62.8,360.2
62.6,366.1
62.4,372.0
62.1,377.9
61.7,383.8
61.5,389.3
61.5,394.9
61.1,400.5
60.9,405.9
60.8,411.3
60.7,416.5
60.4,421.6
60.0,426.7
59.4,431.7
59.0,436.6
58.6,441.4
58.2,446.1
57.9,450.6
57.6,455.2
57.1,459.5
56.7,463.8
56.2,468.1
55.9,472.0
55.6,476.1
55.0,479.9
54.6,483.5
54.4,484.5
53.8,488.3
53.6,491.6
53.2,495.0
52.7,498.2
52.1,501.3
51.7,504.2
51.3,507.0
51.0,509.6
50.5,512.1
49.9,514.4
49.4,516.6
48.8,518.7
48.4,520.5
48.4,522.2
48.0,523.8
48.5,525.3
49.5,526.5
49.2,527.6
48.1,528.6
48.6,529.4
49.5,530.2
49.1,530.8
48.0,531.2
48.7,531.7
49.5,532.0
49.4,532.2
47.9,532.5
48.6,532.6
49.4,532.7
49.6,532.8
47.9,532.8
48.4,532.8
49.2,532.8
49.8,532.9
48.5,532.9
47.9,532.9
26.4,0.0
27.8,0.0
29.6,0.0
31.2,0.0
32.0,0.0
32.9,0.1
33.8,0.3
34.5,0.4
35.3,0.7
36.0,1.0
36.3,1.3
36.9,1.8
37.6,2.3
38.3,3.0
39.0,3.7
39.6,4.6
40.3,5.5
41.1,6.6
41.5,7.8
42.0,9.1
42.5,10.6
42.9,12.3
43.4,14.1
43.8,16.1
44.3,18.3
44.6,20.5
45.0,23.0
45.3,25.6
45.9,28.4
46.5,31.4
47.1,34.3
47.7,37.5
48.3,40.1
48.6,41.6
48.8,45.0
49.3,48.7
49.4,52.6
45.8,56.5
45.2,60.4
45.4,64.7
45.8,69.0
46.2,73.5
46.6,78.1
47.1,82.9
47.6,87.6
48.2,92.6
48.5,97.5
49.0,102.6
49.7,107.8
50.5,113.1
51.3,118.5
52.0,123.9
52.5,129.3
53.0,135.1
53.7,140.6
54.2,146.3
54.8,152.2
55.2,158.1
55.8,164.1
56.2,169.9
56.5,176.0
56.9,182.1
57.3,188.1
57.9,194.4
58.3,200.6
58.8,206.7
59.4,213.0
59.6,219.1
59.8,225.6
60.3,231.8
60.6,238.2
61.1,244.7
61.3,251.0
61.5,257.4
61.5,263.8
61.7,270.2
61.9,276.6
62.2,283.0
62.2,289.2
62.1,295.6
61.9,301.9
61.9,308.2
62.0,314.5
62.2,320.7
62.2,326.8
62.1,332.8
62.1,338.9
61.5,345.0
61.5,350.8
61.5,357.0
61.4,362.9
61.5,369.0
61.7,375.0
61.7,380.4
61.1,385.1
59.7,388.6
59.2,394.7
59.6,400.5
59.7,406.4
60.0,412.0
60.1,417.4
59.8,422.5
59.4,427.8
59.4,432.8
59.1,437.8
58.8,442.7
58.4,447.4
57.9,451.8
57.5,456.2
56.8,460.5
56.2,464.7
55.8,468.7
55.4,472.6
54.9,476.4
54.1,480.2
53.6,483.6
53.1,487.1
52.6,490.3
52.1,493.4
51.7,496.5
51.1,499.2
50.6,502.0
50.0,504.6
49.5,507.1
48.9,509.4
48.5,511.6
48.4,513.5
48.1,515.5
48.4,517.2
49.4,518.7
49.6,520.1
48.0,521.3
48.5,522.4
49.4,523.4
49.2,524.3
48.0,525.0
48.8,525.8
49.6,526.3
48.8,526.7
48.0,527.1
48.8,527.4
49.6,527.6
49.1,527.7
47.8,527.9
48.4,527.9
48.9,528.0
49.3,528.0
49.6,528.0
49.9,528.0
49.9,528.0
50.0,528.0
25.2,0.0
26.7,0.0
30.0,0.0
31.2,0.1
32.1,0.2
32.9,0.3
33.7,0.5
34.4,0.7
35.0,1.0
35.2,1.4
35.7,1.9
36.3,2.5
36.9,3.2
37.6,3.9
38.3,4.8
39.0,5.8
39.7,6.9
40.4,8.1
40.9,9.4
41.7,12.6
42.1,14.5
42.5,16.6
42.8,18.8
43.1,21.0
43.5,23.7
43.9,26.3
44.5,29.2
45.1,32.3
45.7,35.4
46.5,38.7
47.1,42.2
47.7,45.7
48.4,49.5
49.0,53.4
49.8,57.4
46.3,61.5
44.8,65.6
44.9,69.9
45.1,74.4
45.5,78.8
46.1,83.6
46.7,88.2
47.3,93.1
47.9,98.1
48.4,103.2
49.2,108.3
49.9,113.6
50.7,118.8
51.1,124.3
51.6,129.7
52.1,135.3
52.6,140.9
53.2,146.6
53.9,152.4
54.3,158.3
54.8,164.2
55.4,170.1
55.9,176.1
56.5,182.2
56.8,188.2
57.3,194.3
57.7,200.5
58.0,206.9
58.4,213.1
58.8,219.3
58.9,225.7
59.0,232.1
59.3,238.5
59.6,244.9
60.0,251.2
60.1,257.6
60.5,264.0
60.8,270.3
60.8,276.8
61.0,283.2
61.1,289.4
61.1,295.9
61.1,302.1
61.1,308.5
61.2,314.8
61.2,321.0
61.1,327.1
61.1,333.5
61.1,339.5
61.1,345.6
61.1,351.8
61.1,357.8
61.1,363.9
61.2,369.7
61.3,375.5
60.9,381.2
60.5,387.0
60.6,392.6
60.5,398.3
60.2,403.6
59.4,409.2
59.1,414.6
58.7,419.8
58.4,425.1
58.0,430.1
57.6,435.2
57.3,440.3
57.0,445.2
56.8,449.9
56.6,454.7
56.0,459.1
55.1,463.6
54.6,468.0
54.1,472.2
53.8,476.5
53.5,480.5
53.0,484.3
52.4,488.1
51.9,491.7
51.5,495.2
51.1,498.5
50.2,501.8
49.6,504.8
49.2,507.8
48.7,510.6
48.2,513.3
48.0,515.8
48.8,518.2
49.6,520.4
49.4,522.4
48.0,524.2
48.5,526.1
49.3,527.7
49.9,529.1
48.2,530.4
48.1,531.6
48.6,532.6
49.3,533.5
49.9,534.2
48.2,534.8
47.9,535.5
48.4,535.9
49.0,536.3
49.4,536.6
49.6,536.8
49.8,537.0
49.9,537.2
50.0,537.2
50.0,537.3
47.7,537.3
47.8,537.3
48.2,537.3
48.5,537.3
48.6,537.3
24.0,0.0
25.6,0.0
27.3,0.0
29.0,0.0
30.4,0.0
31.3,0.1
32.1,0.2
32.8,0.4
33.5,0.6
34.1,1.0
34.3,1.3
34.9,1.9
35.6,2.4
36.2,3.1
36.9,3.8
37.6,4.5
38.4,5.5
39.3,6.6
40.2,7.8
41.0,9.2
41.4,10.8
42.0,12.5
42.4,14.4
42.8,16.4
43.3,18.5
43.4,18.8
43.8,21.4
44.2,23.9
44.5,26.7
45.1,29.7
45.7,32.9
46.4,36.1
47.0,39.5
47.6,42.9
48.3,46.5
49.0,50.3
49.7,54.2
47.0,58.2
44.9,62.4
45.0,66.7
45.4,71.3
45.9,75.8
46.4,80.6
46.8,85.2
47.5,90.1
48.0,95.2
48.7,100.4
49.4,105.6
50.1,110.9
50.7,116.4
51.2,122.0
51.6,127.4
52.3,133.0
52.9,138.7
53.7,144.5
54.3,150.1
54.9,156.0
55.6,161.9
56.2,168.1
56.9,174.2
57.4,180.1
57.7,186.1
58.2,192.3
59.0,198.4
59.3,204.4
59.5,210.6
59.6,216.8
59.8,222.9
59.8,229.0
60.1,235.4
60.6,241.6
61.1,248.0
61.2,254.3
61.5,260.4
61.7,267.0
61.7,273.5
62.2,279.9
62.5,286.3
62.7,292.6
62.8,298.9
62.7,305.5
62.3,311.9
62.3,318.3
62.5,324.5
62.6,330.8
62.5,337.2
62.2,343.8
62.4,349.9
62.5,356.1
62.6,362.2
62.6,368.2
62.5,374.4
62.4,380.2
62.1,386.2
62.1,391.9
62.3,397.7
62.4,403.4
62.3,408.9
61.9,414.4
61.4,419.7
61.1,425.3
60.9,430.4
60.5,435.6
60.2,440.6
59.9,445.6
59.5,450.3
59.0,455.2
58.8,460.0
58.2,464.4
57.3,469.0
56.8,473.1
56.2,477.5
55.7,481.6
55.1,485.4
54.6,489.3
54.3,493.1
53.9,496.9
53.5,500.5
53.1,503.9
52.6,506.9
51.8,510.1
51.2,513.1
50.7,515.9
50.2,518.5
49.8,521.1
49.3,523.6
48.9,526.1
48.5,528.2
48.0,530.0
48.4,531.9
49.4,533.6
49.4,535.4
48.0,536.5
48.4,537.8
49.3,539.0
49.8,540.1
48.0,541.3
48.4,542.2
49.2,543.1
50.0,543.9
47.9,544.4
48.1,544.9
48.8,545.2
49.4,545.5
49.8,545.8
50.0,545.9
47.7,546.1
48.1,546.1
48.6,546.1
49.0,546.2
49.3,546.2
49.5,546.2
49.5,546.2
23.5,0.0
24.9,0.0
26.7,0.0
28.2,0.0
29.6,0.1
30.9,0.1
31.5,0.3
32.2,0.5
32.8,0.7
33.5,1.0
33.7,1.4
34.3,1.9
34.9,2.4
35.6,3.1
36.3,3.9
36.9,4.7
37.7,5.7
38.5,6.8
39.4,8.0
40.1,9.4
40.8,11.0
41.3,12.7
41.7,14.7
42.1,16.8
42.5,19.1
42.9,21.6
43.2,22.6
43.6,25.2
44.2,28.0
44.7,31.1
45.4,34.2
46.0,37.4
46.7,40.9
47.3,44.4
47.9,48.1
48.6,51.9
49.4,55.8
47.3,59.9
44.8,64.2
44.5,68.5
44.8,73.0
45.3,77.6
45.9,82.3
46.5,87.2
47.0,92.1
47.6,97.1
48.3,102.4
49.0,107.5
49.6,112.8
50.2,118.3
50.7,123.7
51.3,129.2
51.9,134.9
52.4,140.5
53.1,146.4
53.7,152.2
54.0,158.1
54.3,164.3
54.8,170.2
55.2,176.5
55.9,182.7
56.6,188.8
56.9,195.1
57.2,201.3
57.7,207.8
58.1,214.1
58.5,220.5
58.6,226.8
59.1,233.4
59.3,239.8
59.7,246.3
60.2,252.8
60.6,259.2
61.1,265.7
61.4,272.0
61.4,278.7
61.6,285.1
61.9,291.6
61.9,298.1
62.1,304.6
62.2,310.9
62.1,317.5
62.2,323.9
62.4,330.2
62.4,336.6
62.4,342.9
62.5,349.2
62.4,355.5
62.6,361.8
62.7,367.9
62.6,374.0
62.3,379.8
62.4,386.0
62.7,391.8
62.7,397.7
62.2,403.5
62.1,409.1
61.9,414.7
61.6,420.2
61.3,425.8
60.9,431.2
60.6,436.6
60.3,441.6
60.1,446.8
60.0,451.8
59.8,456.8
59.5,461.6
59.2,466.3
58.6,470.9
57.8,475.4
57.3,479.8
56.9,484.0
56.6,488.1
56.1,492.0
55.6,496.0
54.9,499.7
54.4,503.3
53.9,506.7
53.5,510.1
52.9,513.3
52.3,516.5
51.9,519.3
51.3,522.1
50.9,524.7
50.3,527.3
49.8,529.6
49.3,531.8
49.1,533.8
48.9,535.8
48.7,537.5
48.2,539.0
48.0,540.5
48.5,541.7
49.5,542.9
49.2,543.9
48.0,544.8
48.7,545.7
49.5,546.3
49.4,546.9
47.9,547.3
48.5,547.7
49.2,548.0
49.6,548.2
50.0,548.4
47.8,548.5
48.2,548.6
48.9,548.7
49.5,548.7
49.8,548.7
49.1,548.7
47.7,548.7
48.1,548.7
24.2,0.0
25.8,0.0
27.5,0.0
29.0,0.0
30.4,0.0
31.3,0.1
32.1,0.2
32.8,0.4
33.5,0.6
34.1,0.9
34.5,1.2
34.9,1.6
35.6,2.2
36.3,2.8
37.1,3.5
37.9,4.3
38.7,5.2
39.5,6.3
40.3,7.4
41.1,8.7
41.5,10.2
42.0,11.8
42.4,13.6
42.8,15.5
43.2,17.7
43.4,18.6
43.8,21.1
44.2,23.6
44.6,26.2
45.2,29.0
45.7,32.0
46.3,35.2
47.0,38.4
47.7,41.8
48.3,45.3
48.9,48.9
49.4,52.8
50.0,56.7
45.6,60.8
44.8,64.9
44.9,69.1
45.3,73.5
45.7,77.9
46.3,82.5
46.9,87.1
47.6,91.9
48.3,96.7
48.9,101.5
49.5,106.4
50.1,111.5
50.8,116.6
51.2,121.8
51.8,127.0
52.5,132.4
53.1,137.8
53.8,143.4
54.3,148.8
54.9,154.5
55.5,160.1
56.0,165.8
56.5,171.4
57.0,177.4
57.3,183.2
57.7,189.0
58.1,194.8
58.4,200.6
58.8,206.6
59.3,212.6
59.5,218.6
59.9,224.7
60.3,230.6
60.5,236.7
60.8,242.6
60.9,248.6
60.9,254.7
60.9,260.6
60.9,266.8
61.0,272.9
61.1,279.0
61.3,284.9
61.2,290.9
61.4,297.1
61.6,303.2
61.9,309.1
62.1,315.2
62.4,321.3
62.6,327.2
62.6,332.9
62.4,338.7
62.1,344.3
61.7,350.0
61.6,355.7
61.6,361.3
61.3,367.1
61.2,372.5
61.2,378.0
61.1,383.2
61.0,388.5
60.9,393.6
60.7,398.7
60.5,403.6
60.3,408.6
60.0,413.3
59.4,418.2
58.6,422.8
58.3,427.5
57.9,432.2
57.7,436.8
57.4,441.1
56.7,445.7
56.2,449.9
56.0,454.1
55.7,458.2
55.3,462.0
55.0,465.9
54.6,469.5
54.1,473.0
53.6,476.6
53.2,479.8
52.7,482.9
52.1,486.0
51.5,488.9
50.9,491.6
50.3,494.2
49.7,496.7
49.1,499.1
48.6,501.3
48.2,503.3
48.1,505.3
48.7,507.0
49.6,508.6
49.1,510.1
48.0,511.4
48.6,512.5
49.3,513.5
50.0,514.5
48.0,515.4
48.1,516.1
48.8,516.7
49.3,517.2
49.9,517.6
48.2,518.0
47.9,518.2
48.5,518.4
49.1,518.6
49.6,518.6
49.9,518.7
49.9,518.7
49.9,518.7
49.7,518.7
49.6,518.7
49.5,518.7
49.3,518.7
24.0,0.0
25.6,0.0
27.3,0.0
28.9,0.0
30.3,0.1
31.2,0.2
32.0,0.3
32.7,0.5
33.3,0.7
33.9,1.1
34.4,1.7
35.0,2.3
35.6,2.9
36.2,3.6
36.9,4.5
37.6,5.4
38.4,6.5
39.2,7.6
39.9,9.0
40.6,10.6
41.2,12.3
41.5,14.2
41.9,16.2
42.2,18.4
42.5,20.9
42.7,23.5
42.8,24.2
43.3,27.0
43.9,29.9
44.3,33.0
44.9,36.3
45.5,39.7
46.2,43.3
46.8,47.0
47.3,50.9
47.8,54.9
44.9,59.0
43.3,63.2
43.2,67.6
43.4,72.1
44.0,76.8
44.3,81.5
44.8,86.3
45.2,91.3
45.7,96.4
46.2,101.7
46.7,106.9
47.4,112.4
48.1,117.8
48.8,123.3
49.6,129.0
50.3,134.8
50.8,140.6
51.3,146.6
51.8,152.5
52.5,158.5
53.2,164.7
53.8,170.7
54.4,176.9
55.1,183.3
55.6,189.6
56.0,196.1
56.6,202.5
57.3,208.8
57.7,215.4
58.0,221.8
58.5,228.3
58.8,235.1
59.4,241.4
59.5,248.0
59.7,254.7
60.1,261.4
60.4,268.1
60.7,274.7
60.8,281.5
60.8,288.1
61.0,294.7
61.1,301.4
60.9,307.9
61.0,314.6
61.1,320.9
61.2,327.5
61.2,334.0
60.8,340.4
61.1,346.8
61.2,353.1
61.5,359.3
61.2,365.7
61.2,371.8
61.2,378.0
61.1,384.1
60.6,390.1
60.7,396.2
60.5,402.1
60.3,408.0
60.4,413.4
60.4,419.2
60.2,424.9
59.3,430.4
58.9,435.8
58.7,441.1
58.2,446.5
57.6,451.7
57.4,456.9
57.2,462.1
57.0,467.3
56.7,472.0
56.4,476.7
55.9,481.4
55.3,486.1
54.9,490.6
54.6,495.0
54.5,499.1
54.0,503.2
53.4,507.1
52.9,510.9
51.9,513.7
50.7,516.0
50.3,519.4
50.0,522.7
49.4,525.9
48.9,528.8
48.5,531.7
48.0,534.5
48.3,537.2
49.1,539.7
49.8,541.9
48.4,543.9
48.1,545.9
49.0,547.7
49.8,549.2
48.5,550.7
48.0,552.0
48.6,553.1
49.3,554.1
49.9,555.0
48.2,555.9
47.7,556.5
48.2,557.1
48.7,557.5
49.2,557.9
49.5,558.2
49.6,558.5
49.6,558.6
49.6,558.8
49.6,558.9
49.6,558.9
49.5,558.9
49.4,558.9
49.4,558.9
49.3,558.9
49.2,558.9
24.7,0.0
26.2,0.0
27.9,0.0
29.4,0.0
30.9,0.0
31.6,0.1
32.4,0.3
33.1,0.4
33.7,0.7
34.2,1.0
34.5,1.3
34.8,1.8
35.3,2.3
35.9,2.9
36.5,3.6
37.2,4.4
38.0,5.4
38.7,6.4
39.4,7.5
40.1,8.7
40.5,10.2
41.0,11.8
41.3,13.5
41.6,15.4
42.1,17.5
42.6,19.7
42.9,22.3
43.0,22.6
43.3,25.1
43.9,27.9
44.3,30.9
44.8,33.8
45.4,37.0
45.9,40.2
46.4,43.7
47.1,47.2
47.8,51.0
48.4,54.7
49.0,58.6
48.3,62.7
44.6,66.9
44.0,71.3
44.3,75.6
44.8,80.2
45.1,84.9
45.6,89.6
46.2,94.4
46.8,99.3
47.3,104.4
47.9,109.6
48.5,114.8
49.0,119.9
49.7,125.5
50.4,130.8
50.9,136.3
51.5,142.0
52.2,147.7
52.6,153.4
53.2,159.1
53.9,164.9
54.5,170.7
55.2,176.7
55.7,182.7
56.2,188.5
56.5,194.6
56.8,200.6
57.2,206.6
57.6,212.8
58.1,218.8
58.5,225.0
58.9,231.1
59.2,237.1
59.4,243.3
59.7,249.5
60.0,255.8
60.2,261.9
60.2,268.0
60.3,274.1
60.7,280.3
60.9,286.3
60.7,292.5
61.0,298.6
61.1,304.7
61.1,310.7
60.8,316.8
60.8,322.8
60.7,328.9
60.8,334.9
61.1,340.7
61.2,346.6
61.1,352.3
61.1,358.1
61.1,363.7
60.9,369.3
60.6,374.9
60.2,380.5
59.9,386.1
59.9,391.6
59.9,396.9
59.6,402.0
59.5,407.3
59.4,412.4
59.2,417.4
59.0,422.2
58.6,427.0
57.9,431.5
57.4,436.3
57.2,440.7
56.7,445.2
56.5,449.5
56.1,453.8
55.8,457.8
55.3,461.7
54.7,465.7
54.1,469.4
53.5,473.0
52.9,476.6
52.4,479.9
52.0,483.1
51.5,486.1
51.1,489.0
50.8,491.9
50.2,494.5
49.7,497.1
49.3,499.5
48.9,501.7
48.5,503.8
48.3,505.9
48.4,507.7
48.1,509.4
48.1,511.0
48.6,512.3
49.6,513.6
49.1,514.8
48.0,515.9
48.8,516.9
49.6,517.7
48.9,518.4
48.0,519.0
48.6,519.5
49.3,520.0
49.9,520.4
47.9,520.7
48.2,520.9
49.0,521.1
49.7,521.3
48.4,521.4
48.0,521.4
48.6,521.4
49.3,521.5
49.8,521.5
48.0,521.5
47.8,521.5
25.5,0.0
27.1,0.0
28.8,0.0
30.4,0.0
31.4,0.0
32.4,0.1
33.2,0.2
34.0,0.3
34.7,0.6
35.4,0.8
35.5,1.2
36.1,1.6
36.7,2.1
37.3,2.6
37.9,3.3
38.6,4.0
39.3,4.9
40.1,5.8
40.9,6.8
41.4,8.0
42.0,9.3
42.5,10.8
43.0,12.3
43.3,14.0
43.7,15.8
44.0,17.6
44.3,19.7
44.6,22.1
44.8,24.4
45.2,26.9
45.8,29.5
46.4,32.3
47.0,35.2
47.6,38.4
48.3,41.7
49.0,45.1
49.7,48.7
46.9,52.4
44.8,56.1
44.7,60.0
45.0,64.1
45.4,68.3
46.0,72.6
46.4,76.9
46.9,81.6
47.4,86.2
48.0,90.9
48.6,95.7
49.1,100.6
49.7,105.6
50.4,110.6
51.0,115.8
51.5,120.9
52.1,126.4
52.5,131.8
53.0,137.2
53.5,142.6
54.2,148.2
54.8,153.8
55.3,159.5
56.0,165.1
56.5,170.9
57.1,176.6
57.7,182.5
58.0,188.4
58.5,194.3
59.0,200.2
59.4,206.1
59.8,212.1
60.3,218.0
60.5,224.0
60.7,229.8
60.8,235.9
61.0,241.8
61.0,247.9
61.4,254.0
61.8,259.9
62.0,265.8
62.2,271.7
62.4,277.7
62.5,283.7
62.6,289.6
62.7,295.6
62.8,301.4
62.6,307.2
62.3,312.9
62.1,318.7
62.1,324.4
62.2,329.9
62.3,335.6
62.3,341.1
62.3,346.7
62.2,352.2
62.1,357.7
62.1,362.9
61.9,368.1
61.8,373.1
61.5,378.1
61.1,382.8
60.7,385.8
60.0,390.6
59.2,395.2
58.8,399.8
58.4,404.4
58.1,408.9
57.6,413.3
57.2,417.6
57.0,421.8
56.7,425.9
56.4,429.8
56.1,433.6
55.8,437.3
55.3,440.9
55.0,444.5
54.4,447.9
53.9,451.1
53.5,454.3
53.0,457.3
52.6,460.2
52.2,463.0
51.9,465.7
51.6,468.2
51.2,470.6
50.9,472.9
50.4,475.2
49.9,477.2
49.7,479.1
49.3,480.9
49.0,482.5
48.8,484.1
48.5,485.6
48.4,486.9
48.2,488.1
48.1,489.1
48.1,490.1
48.8,491.0
49.8,491.7
48.4,492.4
48.2,492.9
49.0,493.4
49.9,493.8
48.1,494.1
48.3,494.4
49.1,494.6
49.7,494.9
49.0,495.0
47.9,495.1
48.5,495.1
49.2,495.1
49.7,495.1
48.9,495.1
47.8,495.1
48.4,495.1
26.2,0.0
27.8,0.0
29.6,0.0
31.2,0.0
32.0,0.0
32.9,0.1
33.7,0.2
34.5,0.4
35.2,0.6
35.9,0.9
36.3,1.2
36.8,1.6
37.5,2.1
38.2,2.7
38.9,3.4
39.6,4.2
40.4,5.0
41.2,6.1
41.7,7.1
42.2,8.3
42.7,9.7
43.1,11.2
43.5,12.9
43.9,14.6
44.3,16.5
44.8,18.6
45.2,20.9
45.4,21.9
46.0,24.4
46.4,26.9
46.8,29.6
47.4,32.4
48.0,35.3
48.6,38.3
49.2,41.7
49.9,45.1
45.9,48.6
44.9,52.3
45.0,56.1
45.4,60.0
45.9,64.0
46.3,68.1
46.7,72.4
47.3,76.7
47.8,81.2
48.2,85.8
48.8,90.4
49.4,95.2
50.1,100.0
50.6,105.0
51.1,110.0
51.7,115.2
52.3,120.3
52.9,125.5
53.4,130.8
53.9,136.4
54.5,142.1
55.2,147.6
55.8,153.5
56.3,159.1
56.9,164.9
57.2,170.7
57.6,176.6
58.1,182.6
58.6,188.5
59.1,194.6
59.6,200.5
60.0,206.5
60.3,212.7
60.7,218.7
61.1,224.7
61.5,230.8
61.8,236.8
62.1,242.9
62.4,248.8
62.5,255.1
62.9,261.0
63.3,267.1
63.5,273.2
63.7,279.2
63.8,285.5
63.9,291.5
64.2,297.5
64.4,303.5
64.4,309.4
64.5,315.4
64.6,321.4
64.8,327.2
64.8,333.1
64.8,339.1
64.9,344.9
64.9,350.4
64.7,356.2
64.5,361.8
64.3,367.4
64.0,372.6
63.7,377.7
63.2,382.8
62.8,388.0
62.3,393.0
62.3,398.1
62.1,402.9
61.7,407.7
61.4,412.4
61.1,416.9
60.8,421.5
60.4,425.9
60.1,430.2
59.3,434.5
58.8,438.6
58.3,442.6
57.9,446.5
57.6,450.2
57.2,453.8
56.7,457.3
56.1,460.7
55.7,464.0
55.3,467.2
54.6,470.3
54.1,473.2
53.7,476.1
53.3,478.8
52.7,481.3
52.3,483.7
51.8,486.0
51.3,488.2
51.0,490.2
50.5,492.0
50.1,493.7
49.6,495.4
49.3,496.8
49.2,498.1
49.0,499.3
48.8,500.4
48.7,501.3
48.4,502.2
48.2,502.9
48.2,503.6
48.1,504.1
48.7,504.6
49.6,505.1
48.9,505.4
48.1,505.6
48.9,505.8
49.9,506.0
48.0,506.1
48.3,506.2
49.1,506.2
49.8,506.3
48.2,506.3
48.0,506.3
48.8,506.3
26.1,0.0
27.6,0.0
29.3,0.0
30.9,0.0
31.8,0.0
32.7,0.1
33.6,0.2
34.3,0.4
35.0,0.6
35.7,0.8
36.3,1.2
36.4,1.6
37.0,2.1
37.6,2.6
38.3,3.3
38.9,4.0
39.5,4.8
40.1,5.8
40.8,6.8
41.2,8.0
42.1,10.8
42.5,12.4
42.8,14.2
43.2,16.2
43.7,18.3
44.0,20.6
44.3,22.3
44.6,24.8
45.0,27.5
45.7,30.4
46.2,33.2
46.8,36.3
47.4,39.5
48.0,42.8
48.7,46.3
49.4,49.7
49.4,53.5
45.5,57.3
44.7,61.2
44.9,65.2
45.4,69.3
45.9,73.5
46.5,77.8
47.1,82.3
47.8,86.9
48.4,91.5
49.1,96.2
49.7,101.0
50.4,105.8
51.1,110.8
51.6,115.9
52.3,121.2
53.0,126.3
53.8,131.8
54.5,137.1
55.2,142.6
55.9,148.1
56.5,153.6
57.1,159.2
57.8,164.7
58.5,170.5
59.0,176.3
59.7,182.1
60.1,187.8
60.6,193.8
61.0,199.5
61.5,205.5
62.0,211.3
62.4,217.3
62.7,223.4
63.0,229.2
63.3,235.2
63.6,241.1
63.9,247.0
64.1,252.9
64.1,258.9
64.2,265.1
64.2,271.1
64.3,277.1
64.5,283.1
64.7,289.0
64.7,295.1
64.9,300.9
65.1,306.9
65.1,312.7
65.1,318.6
65.0,324.4
65.0,330.2
65.0,336.0
64.6,341.5
64.4,347.2
64.3,352.6
64.1,358.2
63.8,363.4
63.5,368.8
63.2,374.2
62.9,379.2
62.8,384.5
62.6,389.5
62.4,394.5
62.3,399.4
62.1,404.4
61.9,409.1
61.8,413.7
61.6,418.4
61.4,422.7
61.1,427.2
60.8,431.5
60.3,435.7
59.8,439.7
59.4,443.6
58.9,447.5
58.3,451.1
57.7,454.8
57.3,458.2
56.8,461.6
56.4,464.9
55.9,467.9
55.4,470.8
55.0,473.5
54.5,476.2
54.0,478.7
53.5,481.0
53.0,483.2
52.5,485.4
52.1,487.4
51.6,489.2
51.2,491.0
50.9,492.6
50.4,494.1
49.9,495.5
49.7,496.7
49.4,497.9
49.2,498.9
49.1,499.7
48.7,500.5
48.3,501.2
48.2,501.8
48.2,502.3
48.1,502.7
48.8,503.0
49.7,503.3
48.7,503.5
48.1,503.7
48.9,503.8
49.8,503.9
48.1,503.9
48.2,504.0
49.1,504.0
49.9,504.0
48.1,504.0
48.2,504.0
26.4,0.0
27.9,0.0
29.7,0.0
31.1,0.0
32.1,0.0
33.1,0.1
33.9,0.2
34.6,0.3
35.3,0.5
36.0,0.7
36.6,1.1
36.8,1.4
37.5,1.9
38.2,2.5
38.8,3.1
39.5,3.9
40.3,4.7
41.0,5.7
41.5,6.7
41.9,7.9
42.4,9.2
42.8,10.7
43.2,12.3
43.7,14.2
44.1,16.1
44.5,18.3
44.8,19.7
45.1,22.3
46.0,27.5
46.7,30.4
47.4,33.3
48.2,36.4
48.9,39.6
49.6,43.0
47.5,46.5
45.1,50.0
44.9,53.7
45.2,57.6
45.6,61.6
46.1,65.6
46.6,69.8
47.1,74.1
47.7,78.5
48.2,83.1
48.8,87.7
49.4,92.5
50.2,97.3
50.9,102.2
51.4,107.1
52.0,112.2
52.7,117.2
53.2,122.6
53.6,127.9
54.3,133.2
55.0,138.6
55.5,144.0
56.1,149.5
56.8,155.0
57.4,160.6
58.1,166.4
58.7,172.2
59.3,177.9
60.1,183.7
60.6,189.4
61.0,195.4
61.4,201.2
61.6,207.1
61.9,213.2
62.3,219.0
62.7,225.0
63.0,230.9
63.4,237.0
63.5,242.9
63.6,248.8
63.8,254.8
64.0,260.8
64.2,266.8
64.3,272.8
64.2,278.6
64.2,284.6
64.4,290.4
64.6,296.3
64.7,302.2
64.8,308.1
64.9,314.0
65.2,319.7
65.2,325.6
65.3,331.3
65.4,337.0
65.4,342.6
65.3,348.2
65.3,353.7
65.2,359.2
65.1,364.7
65.0,369.9
64.8,375.4
64.6,380.5
64.3,385.8
64.0,390.8
63.7,395.8
63.4,400.7
63.1,405.6
62.8,410.2
62.5,414.8
62.1,419.2
61.7,423.5
61.4,427.9
61.0,432.0
60.7,436.1
60.1,440.0
59.6,443.8
59.0,447.5
58.6,451.0
58.2,454.5
57.6,457.9
57.2,461.1
56.7,464.2
56.2,467.3
55.8,470.1
55.2,472.8
54.6,475.5
54.0,478.0
53.5,480.3
52.9,482.6
52.3,484.8
51.8,486.8
51.2,488.7
50.8,490.4
50.5,492.0
49.9,493.4
49.5,494.9
49.3,496.1
49.1,497.2
48.9,498.2
48.6,499.1
48.3,499.8
48.2,500.5
48.1,501.1
48.1,501.6
48.7,502.0
49.6,502.4
49.0,502.7
48.1,502.9
48.8,503.1
49.8,503.2
48.3,503.3
48.2,503.4
49.2,503.4
50.0,503.4
48.0,503.4
48.4,503.4
49.2,503.4
50.0,503.4
27.0,0.0
28.5,0.0
30.3,0.0
31.5,0.0
32.5,0.0
33.4,0.1
34.1,0.2
34.8,0.3
35.4,0.5
36.0,0.8
36.6,1.1
37.0,1.4
37.2,1.8
37.7,2.3
38.3,2.9
38.9,3.5
39.6,4.3
40.2,5.1
40.8,6.1
41.2,7.1
41.7,8.3
42.2,9.5
42.6,11.0
42.9,12.6
43.1,14.2
43.4,16.1
43.6,17.4
43.7,19.6
43.9,21.9
44.1,24.2
44.4,26.7
44.9,29.3
45.3,32.1
45.7,35.2
46.2,38.3
46.8,41.6
47.4,45.1
48.0,48.6
48.5,52.3
49.2,56.2
49.8,60.0
46.9,64.1
44.8,68.2
44.7,72.5
45.0,76.7
45.4,81.3
45.8,85.8
46.2,90.4
46.9,95.2
47.6,99.9
48.4,104.9
49.1,109.8
49.8,115.0
50.5,120.0
51.1,125.2
51.7,130.4
52.3,135.7
53.0,141.4
53.6,147.3
54.0,152.8
54.6,158.4
55.3,164.0
55.8,169.6
56.3,175.3
56.8,180.9
57.4,186.7
57.8,192.4
58.2,198.0
58.5,203.8
58.6,209.6
58.7,215.5
58.9,221.3
59.4,227.2
59.6,233.1
59.7,239.0
60.0,245.0
60.3,250.6
60.4,256.6
60.5,262.6
60.4,268.3
60.3,274.2
60.5,280.0
60.6,285.8
60.8,291.6
60.9,297.4
61.0,303.3
61.1,308.9
61.0,314.6
61.1,320.2
61.1,325.7
61.1,331.3
61.0,336.7
60.8,342.0
60.8,347.4
60.3,352.6
59.9,358.0
59.8,363.1
59.4,368.2
59.4,373.2
59.2,378.2
58.9,383.0
58.7,387.9
58.2,392.6
57.9,397.2
57.8,401.7
57.4,406.1
56.9,410.4
56.6,414.7
56.3,418.8
56.1,422.8
55.7,426.7
55.2,430.4
54.8,434.3
54.4,437.8
54.0,441.3
53.6,444.7
53.1,447.9
52.7,450.9
52.4,453.8
52.0,456.8
51.7,459.5
51.3,462.1
50.9,464.6
50.3,467.0
49.8,469.1
49.5,471.2
49.2,473.1
49.0,475.0
48.7,476.7
48.5,478.2
48.4,479.6
48.2,480.9
48.1,482.1
48.3,483.1
49.2,484.1
49.6,485.0
48.1,485.8
48.5,486.4
49.4,487.0
49.6,487.5
48.0,487.9
48.6,488.2
49.4,488.5
49.2,488.7
48.0,488.9
48.8,489.0
49.7,489.1
48.5,489.2
48.1,489.2
48.9,489.3
49.7,489.3
48.2,489.3
48.0,489.3
48.7,489.3
27.0,0.0
28.5,0.0
30.3,0.0
31.5,0.0
32.5,0.0
33.5,0.1
34.3,0.2
35.0,0.4
35.7,0.6
36.3,0.8
36.9,1.1
37.0,1.5
37.5,1.9
38.1,2.5
38.7,3.1
38.8,3.2
39.5,4.0
40.1,4.8
40.8,5.7
41.3,6.6
41.8,7.7
42.1,9.0
42.4,10.4
42.8,11.9
43.1,13.5
43.5,15.2
43.7,17.1
43.7,18.4
43.8,20.8
44.0,23.1
44.3,25.5
44.7,28.1
45.2,30.9
45.6,33.8
46.2,36.8
46.7,40.2
47.1,43.6
47.7,47.2
48.3,50.9
49.0,54.6
49.7,58.6
47.5,62.7
44.8,66.9
44.4,71.4
44.7,75.8
45.0,80.3
45.3,85.0
45.7,89.8
46.4,94.6
47.0,99.5
47.5,104.6
48.1,109.7
48.7,115.0
49.4,120.3
50.3,125.8
50.8,131.4
51.0,136.8
51.3,142.4
51.6,148.0
52.0,153.9
52.6,159.5
53.1,165.3
53.5,171.2
53.8,177.2
54.3,183.3
54.8,189.2
55.5,195.2
55.9,201.2
56.1,207.3
56.4,213.4
56.6,219.3
56.9,225.6
57.2,231.6
57.6,237.7
58.1,243.9
58.3,250.0
58.2,256.3
58.2,262.6
58.2,268.9
58.2,275.1
58.6,281.3
58.9,287.6
59.2,293.7
59.3,299.9
59.1,306.0
59.0,312.2
59.1,318.3
59.3,324.4
59.3,330.2
58.9,342.1
59.0,348.1
59.3,354.0
59.6,359.8
59.4,365.6
59.2,371.2
58.9,376.8
58.9,382.2
58.9,387.7
58.5,393.0
58.4,398.3
58.4,403.4
58.3,408.7
58.1,413.7
57.8,418.6
57.4,423.5
57.1,428.4
56.6,433.0
55.9,437.6
55.7,442.0
55.4,446.6
55.2,450.9
54.6,455.2
54.1,459.2
53.8,463.3
53.5,467.2
53.1,470.8
52.6,474.3
52.2,477.9
51.5,481.2
51.3,484.5
51.0,487.7
50.3,490.7
49.8,493.6
49.3,496.4
48.8,499.0
48.3,501.4
48.0,503.7
49.5,508.1
49.7,510.0
48.0,511.7
48.5,513.3
49.3,514.4
49.7,515.6
48.0,516.5
48.4,517.1
49.2,517.6
49.9,518.3
48.0,519.0
48.1,519.5
48.8,519.9
49.5,520.3
50.0,520.5
47.9,520.7
48.3,521.0
49.0,521.1
49.5,521.3
49.7,521.3
49.8,521.4
49.8,521.4
49.7,521.4
49.7,521.5
49.6,521.5
49.6,521.5
23.9,0.0
25.4,0.0
27.0,0.0
28.6,0.0
30.0,0.0
31.2,0.1
31.7,0.3
32.4,0.5
33.1,0.7
33.7,1.0
34.0,1.4
34.5,1.8
35.2,2.4
35.9,3.0
36.5,3.8
37.2,4.6
38.0,5.5
38.8,6.6
39.7,7.7
40.5,9.0
41.1,10.5
41.7,12.1
42.1,13.8
42.6,15.7
43.1,17.8
43.4,20.2
43.8,22.6
44.1,25.2
44.5,28.0
44.9,31.0
45.4,34.1
46.0,37.4
46.7,40.9
47.4,44.4
47.9,48.0
48.5,51.9
49.1,55.8
49.9,59.7
45.8,63.9
44.5,68.1
44.6,72.6
45.0,77.0
45.4,81.6
45.9,86.4
46.4,91.4
47.1,96.3
47.9,101.5
48.4,106.6
48.9,112.1
49.6,117.3
50.3,123.0
51.1,128.5
51.6,134.2
52.1,139.9
52.7,145.7
53.3,151.7
54.0,157.5
54.6,163.7
55.4,169.9
55.8,176.0
56.4,182.5
56.8,188.7
57.4,195.0
57.9,201.4
58.4,207.8
58.8,214.2
59.0,220.8
59.4,227.4
59.9,233.8
60.5,240.1
60.4,246.7
60.4,253.3
60.8,260.0
61.4,266.6
61.8,273.2
61.5,279.9
61.8,286.4
62.1,293.1
62.2,299.7
62.3,306.3
62.6,312.7
62.9,319.4
62.9,325.9
62.7,332.4
62.7,338.9
62.7,345.3
62.5,351.9
62.5,358.4
62.7,364.9
63.0,371.0
62.8,377.5
62.7,383.8
62.5,390.0
62.5,396.3
62.5,402.4
62.2,408.6
62.0,414.6
62.0,420.5
62.1,426.4
61.8,432.2
61.3,437.8
61.1,443.5
60.9,449.0
60.3,454.5
59.8,459.7
59.3,465.0
58.9,470.0
58.5,475.1
57.9,479.9
57.4,484.9
56.9,489.5
56.3,494.1
55.9,498.6
55.5,502.9
55.1,507.2
54.5,511.3
53.9,515.4
53.3,519.2
52.8,522.8
52.5,526.5
52.0,529.8
51.5,533.2
51.1,536.4
50.5,539.4
49.9,542.3
49.2,544.9
48.5,547.6
48.2,549.9
48.0,552.1
48.5,554.2
49.2,556.2
49.9,557.9
48.2,559.5
48.1,561.0
48.7,562.3
49.5,563.4
49.9,564.5
47.9,565.4
48.2,566.3
48.8,567.0
49.3,567.6
49.8,568.1
48.0,568.5
47.8,568.8
48.3,569.0
48.7,569.2
49.1,569.4
49.3,569.5
49.3,569.5
49.3,569.5
49.3,569.6
49.3,569.6
49.2,569.6
49.1,569.6
22.3,0.0
23.7,0.0
25.4,0.0
26.9,0.0
28.3,0.0
29.5,0.1
30.5,0.2
31.2,0.4
31.9,0.6
32.5,0.9
32.9,1.3
33.3,1.7
33.9,2.2
34.5,2.8
35.1,3.5
35.8,4.4
36.4,5.3
37.2,6.4
38.0,7.5
38.8,8.8
39.4,10.4
40.1,12.1
40.7,13.9
41.1,15.9
41.5,18.1
42.0,20.6
42.3,23.1
42.6,25.8
43.2,28.6
43.8,31.7
44.4,34.9
45.0,38.1
45.6,41.6
46.2,45.1
46.8,48.8
47.5,52.7
48.3,56.7
45.7,60.9
43.7,65.0
43.5,69.3
43.6,73.9
44.0,78.4
44.2,83.3
44.6,88.1
44.9,93.2
45.5,98.2
46.2,103.5
47.0,108.7
47.8,114.1
48.5,119.4
49.1,125.1
49.8,130.6
50.6,136.4
51.2,142.1
51.8,148.0
52.6,159.8
53.3,165.9
53.9,172.1
54.6,178.1
55.2,184.3
55.5,190.5
55.9,196.8
56.6,203.4
57.0,209.6
57.3,216.1
57.7,222.7
58.1,229.2
58.4,235.7
59.0,242.2
59.3,248.8
59.6,255.3
60.1,261.8
60.6,268.4
60.8,275.0
60.9,281.5
61.2,288.1
61.6,294.7
61.7,301.1
61.7,307.7
61.7,314.3
61.8,320.6
62.2,327.1
62.0,333.5
61.9,339.9
62.1,346.1
62.1,352.3
62.4,358.4
62.3,364.6
62.1,370.8
62.4,376.7
62.3,382.8
61.9,388.8
61.6,394.6
61.5,400.5
61.4,406.2
61.4,411.9
61.3,417.5
60.8,422.9
60.5,428.5
60.6,433.9
60.3,439.4
60.2,444.7
60.1,449.7
59.4,454.8
58.9,459.7
58.5,464.8
58.0,469.5
57.7,474.1
57.3,478.7
57.0,483.2
56.5,487.6
56.1,491.7
55.7,495.9
55.3,499.8
54.7,503.6
54.2,507.3
53.7,510.8
53.4,514.3
52.9,517.7
52.3,520.9
51.9,524.0
51.4,527.0
51.1,529.9
50.6,532.5
50.1,535.1
49.6,537.6
49.2,539.8
48.9,541.9
48.6,543.8
48.5,545.8
48.1,547.4
48.2,548.9
49.2,550.3
49.8,551.6
48.0,552.8
48.3,553.8
49.2,554.7
49.9,555.6
48.1,556.3
48.2,556.9
49.0,557.4
49.7,557.8
49.0,558.1
47.9,558.4
48.5,558.6
49.1,558.7
49.5,558.8
49.7,558.9
49.9,558.9
49.9,558.9
49.9,558.9
49.9,558.9
49.7,558.9
49.6,558.9
23.3,0.0
24.8,0.0
26.6,0.0
28.1,0.0
29.5,0.0
30.8,0.1
31.4,0.2
32.1,0.4
32.8,0.6
33.4,0.8
33.5,1.2
34.2,1.6
34.9,2.1
35.5,2.6
36.2,3.3
36.9,4.1
38.5,6.0
39.3,7.1
40.1,8.3
40.7,9.7
41.2,11.3
41.6,13.0
42.1,14.9
42.4,16.9
42.8,19.1
43.2,21.7
43.5,24.2
43.9,26.9
44.5,29.8
45.0,32.9
45.6,36.1
46.1,39.3
46.7,42.8
47.4,46.3
48.0,50.0
48.6,53.9
49.1,57.8
46.1,62.0
44.5,66.2
44.4,70.4
44.8,75.0
45.2,79.7
45.8,84.4
46.4,89.1
46.8,94.1
47.2,99.0
47.8,104.2
48.8,109.4
49.5,114.8
50.2,120.1
51.0,125.6
51.7,131.1
52.4,136.8
53.1,142.6
53.7,148.4
54.4,154.1
55.0,160.1
55.6,166.1
56.3,172.0
57.0,178.2
57.5,184.2
58.2,190.4
58.8,196.6
59.4,203.0
60.0,209.1
60.2,215.5
60.6,221.8
61.0,228.1
61.1,234.6
61.5,240.9
61.8,247.3
62.0,253.8
62.4,260.1
62.8,266.5
63.1,272.9
63.3,279.1
63.4,285.4
63.5,291.8
63.7,298.1
64.0,304.4
64.2,310.5
64.2,316.8
64.5,323.0
64.7,329.3
64.8,335.5
64.6,341.5
64.6,347.7
64.6,353.8
64.8,359.8
65.0,365.8
64.8,371.6
64.6,377.5
64.4,383.1
64.2,388.8
64.1,394.5
64.1,400.0
64.0,405.4
63.8,410.8
63.6,416.1
63.3,421.3
63.1,426.4
62.8,431.5
62.6,436.4
62.2,441.3
61.9,446.2
61.6,450.9
61.2,455.5
61.1,460.1
60.7,464.4
60.2,468.7
59.7,472.8
59.2,476.9
58.7,480.7
58.2,484.4
57.7,488.2
57.2,491.6
56.7,495.2
56.3,498.5
55.8,501.6
55.2,504.7
54.6,507.8
54.0,510.6
53.5,513.3
53.0,516.0
52.6,518.4
52.1,520.7
51.7,522.8
51.1,524.8
50.8,526.8
50.5,528.6
49.9,530.2
49.3,531.6
49.1,533.0
48.7,534.2
48.6,535.4
48.3,536.4
48.0,537.3
48.4,538.1
49.4,538.8
49.4,539.3
48.0,539.8
48.6,540.2
49.6,540.5
48.7,540.7
48.0,540.9
48.6,541.1
49.3,541.2
49.8,541.2
48.0,541.3
48.0,541.3
48.7,541.3
49.2,541.3
49.7,541.3
49.9,541.3
24.7,0.0
26.3,0.0
28.1,0.0
29.7,0.0
31.1,0.0
31.8,0.1
32.6,0.2
33.4,0.4
34.1,0.5
34.8,0.8
35.5,1.1
35.7,1.5
36.2,1.9
37.0,2.5
37.7,3.2
38.5,3.9
39.3,4.8
40.1,5.8
40.9,6.8
41.4,8.0
41.8,9.3
42.3,10.8
42.8,12.4
43.3,14.2
43.8,16.2
44.3,18.3
44.7,20.8
45.1,23.2
45.3,25.6
45.7,28.3
46.3,31.3
46.9,34.3
47.6,37.4
48.0,40.7
48.5,44.0
49.0,47.5
49.6,51.1
48.3,54.9
45.2,58.7
44.8,62.8
45.1,66.9
45.5,71.2
46.0,75.6
46.7,80.1
47.3,84.8
47.9,89.4
48.6,94.2
49.3,99.1
50.1,104.2
50.5,109.2
51.2,114.4
51.8,119.7
52.3,125.0
53.0,130.6
53.5,136.1
54.2,141.6
54.9,147.2
55.5,152.9
56.2,158.7
56.8,164.5
57.3,170.3
57.8,176.2
58.2,182.2
58.6,188.2
59.0,194.2
59.5,200.4
60.1,206.6
60.6,212.7
61.1,218.9
61.4,225.2
62.0,231.3
62.4,237.5
62.6,243.8
62.7,250.0
63.1,256.3
63.3,262.4
63.4,268.7
63.4,274.9
63.6,281.1
63.9,287.4
64.4,293.6
64.4,299.7
64.3,305.9
64.5,312.0
64.6,318.1
64.8,324.2
65.0,330.1
65.2,336.0
64.8,341.9
64.6,347.8
64.6,353.5
64.1,359.3
63.9,365.1
64.0,370.8
64.1,376.4
64.0,381.8
63.5,387.3
63.4,392.6
63.3,398.0
63.2,403.3
63.2,408.6
63.1,413.6
63.0,418.6
62.7,423.5
61.9,428.3
61.4,433.0
61.1,437.8
60.7,442.2
60.5,446.6
59.8,450.8
59.3,455.2
58.7,459.2
58.4,463.0
57.7,466.9
57.2,470.6
56.8,474.2
56.4,477.8
55.7,481.3
55.3,484.6
54.9,487.8
54.4,490.9
54.1,493.8
53.6,496.7
53.2,499.3
52.7,501.9
52.2,504.2
51.8,506.4
51.3,508.5
50.8,510.5
50.2,512.3
49.7,513.9
49.1,515.6
48.9,517.0
48.9,518.3
48.6,519.5
48.3,520.5
48.2,521.5
48.1,522.4
48.7,523.1
49.8,523.8
48.7,524.3
48.2,524.8
48.9,525.3
49.8,525.6
48.1,525.9
48.3,526.1
49.2,526.2
50.0,526.3
48.0,526.4
48.3,526.4
49.1,526.4
49.7,526.5
48.7,526.5
47.9,526.5
48.5,526.5
